V121,1545313085000,NOT STARTED
V122,1545313085000,NOT STARTED
V123,1545313085000,NOT STARTED
V124,1545313085000,NOT STARTED
V125,1545313085000,NOT STARTED
V126,1545313085000,NOT STARTED
V127,1545313085000,NOT STARTED
V128,1545313085000,NOT STARTED
V129,1545313085000,NOT STARTED
V131,1545313085000,NOT STARTED
V132,1545313085000,NOT STARTED
V121,1545485885000,PASS
V122,1545485885000,PASS
V123,1545485885000,PASS
V124,1545485885000,PASS
V125,1545485885000,PASS
V126,1545485885000,PASS
V127,1545485885000,PASS
V128,1545485885000,PASS
V129,1545485885000,PASS
V131,1545485885000,PASS
V132,1545485885000,PASS
V121,1545489485000,PASS
V122,1545489485000,PASS
V123,1545489485000,PASS
V124,1545489485000,PASS
V125,1545489485000,PASS
V126,1545489485000,PASS
V127,1545489485000,PASS
V128,1545489485000,PASS
V129,1545489485000,PASS
V131,1545489485000,PASS
V132,1545489485000,PASS
V133,1545489485000,PASS
V134,1545489488000,FAIL
V135,1545403085000,NOT STARTED
V135,1545404085000,PASS
V135,1545405085000,PASS
V135,1545489488000,FAIL
V136,1545489488000,FAIL
V137,1545489488000,FAIL
V138,1545489488000,FAIL
V139,1545489488000,NOT STARTED
V139,1545489488500,PASS
V140,1545489488000,FAIL
V141,1545489488000,FAIL
V142,1545489488000,FAIL
V143,1545489488000,FAIL
V145,1545489488000,FAIL
V146,1545489488000,FAIL
V147,1545489488000,FAIL
V148,1545489488000,FAIL
V149,1545489488000,FAIL
V150,1545489488000,NOT STARTED
V150,1545489498000,NOT STARTED
V151,1545403085000,NOT STARTED
V151,1545489488000,PASS
V151,1545489498000,PASS
V152,1545489448000,PASS
V153,1545489448000,PASS
V154,1545489448000,PASS
V155,1545489448000,PASS
